decimalLongitude,decimalLatitude,year,day,month
40.303709,-10.390151,2020,12,2
76.510558,8.807378,2020,20,3
39.191261,-6.670925,2020,8,5
39.213491,-6.668138,2020,3,6
39.213491,-6.668138,2020,2,6
