decimalLongitude,decimalLatitude,year,day,month
40.303709,-10.390151,2020,12,2
76.510558,8.807378,2020,20,3
39.191261,-6.670925,2020,8,5
39.213491,-6.668138,2020,3,6
39.213491,-6.668138,2020,2,6
-81.982437,-1.827095,2020,10,10
114.86637,-33.99119,2020,13,10
105.982514,-6.338613,2019,29,9
76.344294,9.991039,2018,26,2
153.344665,-27.312395,2018,28,12
